Account_ID,Layer,Is_Mule,Risk_Score,Rule_FanIn,Rule_HitRun,Rule_Draining,Rule_NewAcct,Rules_Triggered,Predicted_HighRisk
ACC00001,Normal,0,0,0,0,0,0,0,0
ACC00002,Normal,0,30,1,0,0,0,1,0
ACC00003,Normal,0,30,1,0,0,0,1,0
ACC00004,Normal,0,30,1,0,0,0,1,0
ACC00005,Normal,0,25,0,0,1,0,1,0
ACC00006,Normal,0,55,1,0,1,0,2,0
ACC00007,Normal,0,30,1,0,0,0,1,0
ACC00008,Normal,0,30,1,0,0,0,1,0
ACC00009,Normal,0,30,1,0,0,0,1,0
ACC00010,Normal,0,55,1,0,1,0,2,0
ACC00011,Normal,0,30,1,0,0,0,1,0
ACC00012,Normal,0,55,1,0,1,0,2,0
ACC00013,Normal,0,55,1,0,1,0,2,0
ACC00014,Normal,0,55,1,0,1,0,2,0
ACC00015,Normal,0,30,1,0,0,0,1,0
ACC00016,Normal,0,55,1,0,1,0,2,0
ACC00017,Normal,0,30,1,0,0,0,1,0
ACC00018,Normal,0,30,1,0,0,0,1,0
ACC00019,Normal,0,55,1,0,1,0,2,0
ACC00020,Normal,0,55,1,0,1,0,2,0
ACC00021,Normal,0,30,1,0,0,0,1,0
ACC00022,Normal,0,55,1,0,1,0,2,0
ACC00023,Normal,0,55,1,0,1,0,2,0
ACC00024,Normal,0,30,1,0,0,0,1,0
ACC00025,Normal,0,25,0,0,1,0,1,0
ACC00026,Normal,0,30,1,0,0,0,1,0
ACC00027,Normal,0,30,1,0,0,0,1,0
ACC00028,Normal,0,30,1,0,0,0,1,0
ACC00029,Normal,0,55,1,0,1,0,2,0
ACC00030,Normal,0,30,1,0,0,0,1,0
ACC00031,Normal,0,55,1,0,1,0,2,0
ACC00032,Normal,0,55,1,0,1,0,2,0
ACC00033,Normal,0,55,1,0,1,0,2,0
ACC00034,Normal,0,30,1,0,0,0,1,0
ACC00035,Normal,0,55,1,0,1,0,2,0
ACC00036,Normal,0,30,1,0,0,0,1,0
ACC00037,Normal,0,25,0,0,1,0,1,0
ACC00038,Normal,0,55,1,0,1,0,2,0
ACC00039,Normal,0,55,1,0,1,0,2,0
ACC00040,Normal,0,55,1,0,1,0,2,0
ACC00041,Normal,0,55,1,0,1,0,2,0
ACC00042,Normal,0,30,1,0,0,0,1,0
ACC00043,Normal,0,30,1,0,0,0,1,0
ACC00044,Normal,0,55,1,0,1,0,2,0
ACC00045,Normal,0,55,1,0,1,0,2,0
ACC00046,Normal,0,55,1,0,1,0,2,0
ACC00047,Normal,0,30,1,0,0,0,1,0
ACC00048,Normal,0,25,0,0,1,0,1,0
ACC00049,Normal,0,30,1,0,0,0,1,0
ACC00050,Normal,0,25,0,0,1,0,1,0
ACC00051,Normal,0,25,0,0,1,0,1,0
ACC00052,Normal,0,30,1,0,0,0,1,0
ACC00053,Normal,0,55,1,0,1,0,2,0
ACC00054,Normal,0,30,1,0,0,0,1,0
ACC00055,Normal,0,30,1,0,0,0,1,0
ACC00056,Normal,0,30,1,0,0,0,1,0
ACC00057,Normal,0,30,1,0,0,0,1,0
ACC00058,Normal,0,55,1,0,1,0,2,0
ACC00059,Normal,0,30,1,0,0,0,1,0
ACC00060,Normal,0,55,1,0,1,0,2,0
ACC00061,Normal,0,30,1,0,0,0,1,0
ACC00062,Normal,0,55,1,0,1,0,2,0
ACC00063,Normal,0,55,1,0,1,0,2,0
ACC00064,Normal,0,55,1,0,1,0,2,0
ACC00065,Normal,0,25,0,0,1,0,1,0
ACC00066,Normal,0,55,1,0,1,0,2,0
ACC00067,Normal,0,30,1,0,0,0,1,0
ACC00068,Normal,0,55,1,0,1,0,2,0
ACC00069,Normal,0,30,1,0,0,0,1,0
ACC00070,Normal,0,55,1,0,1,0,2,0
ACC00071,Normal,0,55,1,0,1,0,2,0
ACC00072,Normal,0,25,0,0,1,0,1,0
ACC00073,Normal,0,30,1,0,0,0,1,0
ACC00074,Normal,0,55,1,0,1,0,2,0
ACC00075,Normal,0,55,1,0,1,0,2,0
ACC00076,Normal,0,30,1,0,0,0,1,0
ACC00077,Normal,0,30,1,0,0,0,1,0
ACC00078,Normal,0,55,1,0,1,0,2,0
ACC00079,Normal,0,55,1,0,1,0,2,0
ACC00080,Normal,0,30,1,0,0,0,1,0
ACC00081,Normal,0,55,1,0,1,0,2,0
ACC00082,Normal,0,30,1,0,0,0,1,0
ACC00083,Normal,0,55,1,0,1,0,2,0
ACC00084,Normal,0,0,0,0,0,0,0,0
ACC00085,Normal,0,55,1,0,1,0,2,0
ACC00086,Normal,0,55,1,0,1,0,2,0
ACC00087,Normal,0,30,1,0,0,0,1,0
ACC00088,Normal,0,25,0,0,1,0,1,0
ACC00089,Normal,0,30,1,0,0,0,1,0
ACC00090,Normal,0,30,1,0,0,0,1,0
ACC00091,Normal,0,30,1,0,0,0,1,0
ACC00092,Normal,0,55,1,0,1,0,2,0
ACC00093,Normal,0,30,1,0,0,0,1,0
ACC00094,Normal,0,25,0,0,1,0,1,0
ACC00095,Normal,0,30,1,0,0,0,1,0
ACC00096,Normal,0,30,1,0,0,0,1,0
ACC00097,Normal,0,55,1,0,1,0,2,0
ACC00098,Normal,0,30,1,0,0,0,1,0
ACC00099,Normal,0,55,1,0,1,0,2,0
ACC00100,Normal,0,55,1,0,1,0,2,0
ACC00101,Normal,0,25,0,0,1,0,1,0
ACC00102,Normal,0,30,1,0,0,0,1,0
ACC00103,Normal,0,55,1,0,1,0,2,0
ACC00104,Normal,0,25,0,0,1,0,1,0
ACC00105,Normal,0,30,1,0,0,0,1,0
ACC00106,Normal,0,55,1,0,1,0,2,0
ACC00107,Normal,0,30,1,0,0,0,1,0
ACC00108,Normal,0,30,1,0,0,0,1,0
ACC00109,Normal,0,30,1,0,0,0,1,0
ACC00110,Normal,0,30,1,0,0,0,1,0
ACC00111,Normal,0,30,1,0,0,0,1,0
ACC00112,Normal,0,25,0,0,1,0,1,0
ACC00113,Normal,0,55,1,0,1,0,2,0
ACC00114,Normal,0,55,1,0,1,0,2,0
ACC00115,Normal,0,55,1,0,1,0,2,0
ACC00116,Normal,0,55,1,0,1,0,2,0
ACC00117,Normal,0,55,1,0,1,0,2,0
ACC00118,Normal,0,55,1,0,1,0,2,0
ACC00119,Normal,0,30,1,0,0,0,1,0
ACC00120,Normal,0,25,0,0,1,0,1,0
ACC00121,Normal,0,25,0,0,1,0,1,0
ACC00122,Normal,0,25,0,0,1,0,1,0
ACC00123,Normal,0,55,1,0,1,0,2,0
ACC00124,Normal,0,30,1,0,0,0,1,0
ACC00125,Normal,0,30,1,0,0,0,1,0
ACC00126,Normal,0,30,1,0,0,0,1,0
ACC00127,Normal,0,25,0,0,1,0,1,0
ACC00128,Normal,0,25,0,0,1,0,1,0
ACC00129,Normal,0,30,1,0,0,0,1,0
ACC00130,Normal,0,30,1,0,0,0,1,0
ACC00131,Normal,0,0,0,0,0,0,0,0
ACC00132,Normal,0,55,1,0,1,0,2,0
ACC00133,Normal,0,25,0,0,1,0,1,0
ACC00134,Normal,0,55,1,0,1,0,2,0
ACC00135,Normal,0,55,1,0,1,0,2,0
ACC00136,Normal,0,30,1,0,0,0,1,0
ACC00137,Normal,0,25,0,0,1,0,1,0
ACC00138,Normal,0,30,1,0,0,0,1,0
ACC00139,Normal,0,25,0,0,1,0,1,0
ACC00140,Normal,0,30,1,0,0,0,1,0
ACC00141,Normal,0,30,1,0,0,0,1,0
ACC00142,Normal,0,55,1,0,1,0,2,0
ACC00143,Normal,0,55,1,0,1,0,2,0
ACC00144,Normal,0,30,1,0,0,0,1,0
ACC00145,Normal,0,25,0,0,1,0,1,0
ACC00146,Normal,0,30,1,0,0,0,1,0
ACC00147,Normal,0,30,1,0,0,0,1,0
ACC00148,Normal,0,55,1,0,1,0,2,0
ACC00149,Normal,0,55,1,0,1,0,2,0
ACC00150,Normal,0,30,1,0,0,0,1,0
ACC00151,Normal,0,55,1,0,1,0,2,0
ACC00152,Normal,0,55,1,0,1,0,2,0
ACC00153,Normal,0,30,1,0,0,0,1,0
ACC00154,Normal,0,30,1,0,0,0,1,0
ACC00155,Normal,0,55,1,0,1,0,2,0
ACC00156,Normal,0,30,1,0,0,0,1,0
ACC00157,Normal,0,30,1,0,0,0,1,0
ACC00158,Normal,0,30,1,0,0,0,1,0
ACC00159,Normal,0,55,1,0,1,0,2,0
ACC00160,Normal,0,30,1,0,0,0,1,0
ACC00161,Normal,0,55,1,0,1,0,2,0
ACC00162,Normal,0,30,1,0,0,0,1,0
ACC00163,Normal,0,30,1,0,0,0,1,0
ACC00164,Normal,0,55,1,0,1,0,2,0
ACC00165,Normal,0,55,1,0,1,0,2,0
ACC00166,Normal,0,30,1,0,0,0,1,0
ACC00167,Normal,0,55,1,0,1,0,2,0
ACC00168,Normal,0,30,1,0,0,0,1,0
ACC00169,Normal,0,55,1,0,1,0,2,0
ACC00170,Normal,0,55,1,0,1,0,2,0
ACC00171,Normal,0,30,1,0,0,0,1,0
ACC00172,Normal,0,55,1,0,1,0,2,0
ACC00173,Normal,0,55,1,0,1,0,2,0
ACC00174,Normal,0,30,1,0,0,0,1,0
ACC00175,Normal,0,30,1,0,0,0,1,0
ACC00176,Normal,0,25,0,0,1,0,1,0
ACC00177,Normal,0,30,1,0,0,0,1,0
ACC00178,Normal,0,55,1,0,1,0,2,0
ACC00179,Normal,0,25,0,0,1,0,1,0
ACC00180,Normal,0,55,1,0,1,0,2,0
ACC00181,Normal,0,25,0,0,1,0,1,0
ACC00182,Normal,0,30,1,0,0,0,1,0
ACC00183,Normal,0,55,1,0,1,0,2,0
ACC00184,Normal,0,25,0,0,1,0,1,0
ACC00185,Normal,0,30,1,0,0,0,1,0
ACC00186,Normal,0,55,1,0,1,0,2,0
ACC00187,Normal,0,25,0,0,1,0,1,0
ACC00188,Normal,0,30,1,0,0,0,1,0
ACC00189,Normal,0,55,1,0,1,0,2,0
ACC00190,Normal,0,30,1,0,0,0,1,0
ACC00191,Normal,0,30,1,0,0,0,1,0
ACC00192,Normal,0,30,1,0,0,0,1,0
ACC00193,Normal,0,30,1,0,0,0,1,0
ACC00194,Normal,0,55,1,0,1,0,2,0
ACC00195,Normal,0,30,1,0,0,0,1,0
ACC00196,Normal,0,30,1,0,0,0,1,0
ACC00197,Normal,0,30,1,0,0,0,1,0
ACC00198,Normal,0,25,0,0,1,0,1,0
ACC00199,Normal,0,30,1,0,0,0,1,0
ACC00200,Normal,0,55,1,0,1,0,2,0
ACC00201,Normal,0,30,1,0,0,0,1,0
ACC00202,Normal,0,30,1,0,0,0,1,0
ACC00203,Normal,0,30,1,0,0,0,1,0
ACC00204,Normal,0,30,1,0,0,0,1,0
ACC00205,Normal,0,30,1,0,0,0,1,0
ACC00206,Normal,0,55,1,0,1,0,2,0
ACC00207,Normal,0,30,1,0,0,0,1,0
ACC00208,Normal,0,55,1,0,1,0,2,0
ACC00209,Normal,0,55,1,0,1,0,2,0
ACC00210,Normal,0,55,1,0,1,0,2,0
ACC00211,Normal,0,55,1,0,1,0,2,0
ACC00212,Normal,0,30,1,0,0,0,1,0
ACC00213,Normal,0,55,1,0,1,0,2,0
ACC00214,Normal,0,55,1,0,1,0,2,0
ACC00215,Normal,0,30,1,0,0,0,1,0
ACC00216,Normal,0,25,0,0,1,0,1,0
ACC00217,Normal,0,30,1,0,0,0,1,0
ACC00218,Normal,0,30,1,0,0,0,1,0
ACC00219,Normal,0,55,1,0,1,0,2,0
ACC00220,Normal,0,55,1,0,1,0,2,0
ACC00221,Normal,0,55,1,0,1,0,2,0
ACC00222,Normal,0,30,1,0,0,0,1,0
ACC00223,Normal,0,30,1,0,0,0,1,0
ACC00224,Normal,0,30,1,0,0,0,1,0
ACC00225,Normal,0,30,1,0,0,0,1,0
ACC00226,Normal,0,30,1,0,0,0,1,0
ACC00227,Normal,0,55,1,0,1,0,2,0
ACC00228,Normal,0,30,1,0,0,0,1,0
ACC00229,Normal,0,55,1,0,1,0,2,0
ACC00230,Normal,0,55,1,0,1,0,2,0
ACC00231,Normal,0,30,1,0,0,0,1,0
ACC00232,Normal,0,55,1,0,1,0,2,0
ACC00233,Normal,0,30,1,0,0,0,1,0
ACC00234,Normal,0,55,1,0,1,0,2,0
ACC00235,Normal,0,55,1,0,1,0,2,0
ACC00236,Normal,0,55,1,0,1,0,2,0
ACC00237,Normal,0,30,1,0,0,0,1,0
ACC00238,Normal,0,55,1,0,1,0,2,0
ACC00239,Normal,0,30,1,0,0,0,1,0
ACC00240,Normal,0,30,1,0,0,0,1,0
ACC00241,Normal,0,55,1,0,1,0,2,0
ACC00242,Normal,0,55,1,0,1,0,2,0
ACC00243,Normal,0,30,1,0,0,0,1,0
ACC00244,Normal,0,25,0,0,1,0,1,0
ACC00245,Normal,0,55,1,0,1,0,2,0
ACC00246,Normal,0,30,1,0,0,0,1,0
ACC00247,Normal,0,55,1,0,1,0,2,0
ACC00248,Normal,0,55,1,0,1,0,2,0
ACC00249,Normal,0,30,1,0,0,0,1,0
ACC00250,Normal,0,25,0,0,1,0,1,0
ACC00251,Normal,0,30,1,0,0,0,1,0
ACC00252,Normal,0,55,1,0,1,0,2,0
ACC00253,Normal,0,55,1,0,1,0,2,0
ACC00254,Normal,0,30,1,0,0,0,1,0
ACC00255,Normal,0,30,1,0,0,0,1,0
ACC00256,Normal,0,30,1,0,0,0,1,0
ACC00257,Normal,0,55,1,0,1,0,2,0
ACC00258,Normal,0,55,1,0,1,0,2,0
ACC00259,Normal,0,55,1,0,1,0,2,0
ACC00260,Normal,0,55,1,0,1,0,2,0
ACC00261,Normal,0,55,1,0,1,0,2,0
ACC00262,Normal,0,55,1,0,1,0,2,0
ACC00263,Normal,0,25,0,0,1,0,1,0
ACC00264,Normal,0,30,1,0,0,0,1,0
ACC00265,Normal,0,30,1,0,0,0,1,0
ACC00266,Normal,0,30,1,0,0,0,1,0
ACC00267,Normal,0,55,1,0,1,0,2,0
ACC00268,Normal,0,30,1,0,0,0,1,0
ACC00269,Normal,0,55,1,0,1,0,2,0
ACC00270,Normal,0,30,1,0,0,0,1,0
ACC00271,Normal,0,30,1,0,0,0,1,0
ACC00272,Normal,0,55,1,0,1,0,2,0
ACC00273,Normal,0,0,0,0,0,0,0,0
ACC00274,Normal,0,30,1,0,0,0,1,0
ACC00275,Normal,0,55,1,0,1,0,2,0
ACC00276,Normal,0,25,0,0,1,0,1,0
ACC00277,Normal,0,55,1,0,1,0,2,0
ACC00278,Normal,0,30,1,0,0,0,1,0
ACC00279,Normal,0,0,0,0,0,0,0,0
ACC00280,Normal,0,30,1,0,0,0,1,0
ACC00281,Normal,0,55,1,0,1,0,2,0
ACC00282,Normal,0,55,1,0,1,0,2,0
ACC00283,Normal,0,30,1,0,0,0,1,0
ACC00284,Normal,0,30,1,0,0,0,1,0
ACC00285,Normal,0,30,1,0,0,0,1,0
ACC00286,Normal,0,30,1,0,0,0,1,0
ACC00287,Normal,0,55,1,0,1,0,2,0
ACC00288,Normal,0,55,1,0,1,0,2,0
ACC00289,Normal,0,55,1,0,1,0,2,0
ACC00290,Normal,0,30,1,0,0,0,1,0
ACC00291,Normal,0,55,1,0,1,0,2,0
ACC00292,Normal,0,30,1,0,0,0,1,0
ACC00293,Normal,0,25,0,0,1,0,1,0
ACC00294,Normal,0,55,1,0,1,0,2,0
ACC00295,Normal,0,55,1,0,1,0,2,0
ACC00296,Normal,0,25,0,0,1,0,1,0
ACC00297,Normal,0,30,1,0,0,0,1,0
ACC00298,Normal,0,30,1,0,0,0,1,0
ACC00299,Normal,0,30,1,0,0,0,1,0
ACC00300,Normal,0,30,1,0,0,0,1,0
ACC00301,Normal,0,55,1,0,1,0,2,0
ACC00302,Normal,0,25,0,0,1,0,1,0
ACC00303,Normal,0,30,1,0,0,0,1,0
ACC00304,Normal,0,25,0,0,1,0,1,0
ACC00305,Normal,0,0,0,0,0,0,0,0
ACC00306,Normal,0,30,1,0,0,0,1,0
ACC00307,Normal,0,30,1,0,0,0,1,0
ACC00308,Normal,0,55,1,0,1,0,2,0
ACC00309,Normal,0,55,1,0,1,0,2,0
ACC00310,Normal,0,25,0,0,1,0,1,0
ACC00311,Normal,0,30,1,0,0,0,1,0
ACC00312,Normal,0,25,0,0,1,0,1,0
ACC00313,Normal,0,30,1,0,0,0,1,0
ACC00314,Normal,0,30,1,0,0,0,1,0
ACC00315,Normal,0,0,0,0,0,0,0,0
ACC00316,Normal,0,55,1,0,1,0,2,0
ACC00317,Normal,0,25,0,0,1,0,1,0
ACC00318,Normal,0,30,1,0,0,0,1,0
ACC00319,Normal,0,30,1,0,0,0,1,0
ACC00320,Normal,0,55,1,0,1,0,2,0
ACC00321,Normal,0,30,1,0,0,0,1,0
ACC00322,Normal,0,55,1,0,1,0,2,0
ACC00323,Normal,0,55,1,0,1,0,2,0
ACC00324,Normal,0,30,1,0,0,0,1,0
ACC00325,Normal,0,55,1,0,1,0,2,0
ACC00326,Normal,0,55,1,0,1,0,2,0
ACC00327,Normal,0,30,1,0,0,0,1,0
ACC00328,Normal,0,25,0,0,1,0,1,0
ACC00329,Normal,0,55,1,0,1,0,2,0
ACC00330,Normal,0,55,1,0,1,0,2,0
ACC00331,Normal,0,30,1,0,0,0,1,0
ACC00332,Normal,0,55,1,0,1,0,2,0
ACC00333,Normal,0,25,0,0,1,0,1,0
ACC00334,Normal,0,30,1,0,0,0,1,0
ACC00335,Normal,0,30,1,0,0,0,1,0
ACC00336,Normal,0,55,1,0,1,0,2,0
ACC00337,Normal,0,30,1,0,0,0,1,0
ACC00338,Normal,0,30,1,0,0,0,1,0
ACC00339,Normal,0,30,1,0,0,0,1,0
ACC00340,Normal,0,30,1,0,0,0,1,0
ACC00341,Normal,0,30,1,0,0,0,1,0
ACC00342,Normal,0,55,1,0,1,0,2,0
ACC00343,Normal,0,55,1,0,1,0,2,0
ACC00344,Normal,0,55,1,0,1,0,2,0
ACC00345,Normal,0,55,1,0,1,0,2,0
ACC00346,Normal,0,30,1,0,0,0,1,0
ACC00347,Normal,0,25,0,0,1,0,1,0
ACC00348,Normal,0,55,1,0,1,0,2,0
ACC00349,Normal,0,55,1,0,1,0,2,0
ACC00350,Normal,0,30,1,0,0,0,1,0
ACC00351,Normal,0,25,0,0,1,0,1,0
ACC00352,Normal,0,30,1,0,0,0,1,0
ACC00353,Normal,0,30,1,0,0,0,1,0
ACC00354,Normal,0,30,1,0,0,0,1,0
ACC00355,Normal,0,55,1,0,1,0,2,0
ACC00356,Normal,0,55,1,0,1,0,2,0
ACC00357,Normal,0,30,1,0,0,0,1,0
ACC00358,Normal,0,55,1,0,1,0,2,0
ACC00359,Normal,0,25,0,0,1,0,1,0
ACC00360,Normal,0,25,0,0,1,0,1,0
ACC00361,Normal,0,30,1,0,0,0,1,0
ACC00362,Normal,0,55,1,0,1,0,2,0
ACC00363,Normal,0,30,1,0,0,0,1,0
ACC00364,Normal,0,0,0,0,0,0,0,0
ACC00365,Normal,0,25,0,0,1,0,1,0
ACC00366,Normal,0,55,1,0,1,0,2,0
ACC00367,Normal,0,55,1,0,1,0,2,0
ACC00368,Normal,0,55,1,0,1,0,2,0
ACC00369,Normal,0,30,1,0,0,0,1,0
ACC00370,Normal,0,30,1,0,0,0,1,0
ACC00371,Normal,0,55,1,0,1,0,2,0
ACC00372,Normal,0,55,1,0,1,0,2,0
ACC00373,Normal,0,30,1,0,0,0,1,0
ACC00374,Normal,0,25,0,0,1,0,1,0
ACC00375,Normal,0,55,1,0,1,0,2,0
ACC00376,Normal,0,25,0,0,1,0,1,0
ACC00377,Normal,0,30,1,0,0,0,1,0
ACC00378,Normal,0,55,1,0,1,0,2,0
ACC00379,Normal,0,55,1,0,1,0,2,0
ACC00380,Normal,0,30,1,0,0,0,1,0
ACC00381,Normal,0,30,1,0,0,0,1,0
ACC00382,Normal,0,30,1,0,0,0,1,0
ACC00383,Normal,0,30,1,0,0,0,1,0
ACC00384,Normal,0,30,1,0,0,0,1,0
ACC00385,Normal,0,55,1,0,1,0,2,0
ACC00386,Normal,0,55,1,0,1,0,2,0
ACC00387,Normal,0,55,1,0,1,0,2,0
ACC00388,Normal,0,55,1,0,1,0,2,0
ACC00389,Normal,0,55,1,0,1,0,2,0
ACC00390,Normal,0,55,1,0,1,0,2,0
ACC00391,Normal,0,30,1,0,0,0,1,0
ACC00392,Normal,0,55,1,0,1,0,2,0
ACC00393,Normal,0,55,1,0,1,0,2,0
ACC00394,Normal,0,25,0,0,1,0,1,0
ACC00395,Normal,0,55,1,0,1,0,2,0
ACC00396,Normal,0,25,0,0,1,0,1,0
ACC00397,Normal,0,55,1,0,1,0,2,0
ACC00398,Normal,0,55,1,0,1,0,2,0
ACC00399,Normal,0,55,1,0,1,0,2,0
ACC00400,Normal,0,55,1,0,1,0,2,0
ACC00401,Normal,0,30,1,0,0,0,1,0
ACC00402,Normal,0,30,1,0,0,0,1,0
ACC00403,Normal,0,55,1,0,1,0,2,0
ACC00404,Normal,0,25,0,0,1,0,1,0
ACC00405,Normal,0,30,1,0,0,0,1,0
ACC00406,Normal,0,55,1,0,1,0,2,0
ACC00407,Normal,0,25,0,0,1,0,1,0
ACC00408,Normal,0,55,1,0,1,0,2,0
ACC00409,Normal,0,25,0,0,1,0,1,0
ACC00410,Normal,0,30,1,0,0,0,1,0
ACC00411,Normal,0,55,1,0,1,0,2,0
ACC00412,Normal,0,55,1,0,1,0,2,0
ACC00413,Normal,0,25,0,0,1,0,1,0
ACC00414,Normal,0,55,1,0,1,0,2,0
ACC00415,Normal,0,55,1,0,1,0,2,0
ACC00416,Normal,0,55,1,0,1,0,2,0
ACC00417,Normal,0,30,1,0,0,0,1,0
ACC00418,Normal,0,30,1,0,0,0,1,0
ACC00419,Normal,0,30,1,0,0,0,1,0
ACC00420,Normal,0,25,0,0,1,0,1,0
ACC00421,Normal,0,30,1,0,0,0,1,0
ACC00422,Normal,0,55,1,0,1,0,2,0
ACC00423,Normal,0,25,0,0,1,0,1,0
ACC00424,Normal,0,25,0,0,1,0,1,0
ACC00425,Normal,0,30,1,0,0,0,1,0
ACC00426,Normal,0,30,1,0,0,0,1,0
ACC00427,Normal,0,55,1,0,1,0,2,0
ACC00428,Normal,0,30,1,0,0,0,1,0
ACC00429,Normal,0,55,1,0,1,0,2,0
ACC00430,Normal,0,30,1,0,0,0,1,0
ACC00431,Normal,0,55,1,0,1,0,2,0
ACC00432,Normal,0,55,1,0,1,0,2,0
ACC00433,Normal,0,30,1,0,0,0,1,0
ACC00434,Normal,0,55,1,0,1,0,2,0
ACC00435,Normal,0,55,1,0,1,0,2,0
ACC00436,Normal,0,30,1,0,0,0,1,0
ACC00437,Normal,0,55,1,0,1,0,2,0
ACC00438,Normal,0,30,1,0,0,0,1,0
ACC00439,Normal,0,55,1,0,1,0,2,0
ACC00440,Normal,0,0,0,0,0,0,0,0
ACC00441,Normal,0,55,1,0,1,0,2,0
ACC00442,Normal,0,55,1,0,1,0,2,0
ACC00443,Normal,0,55,1,0,1,0,2,0
ACC00444,Normal,0,30,1,0,0,0,1,0
ACC00445,Normal,0,55,1,0,1,0,2,0
ACC00446,Normal,0,30,1,0,0,0,1,0
ACC00447,Normal,0,55,1,0,1,0,2,0
ACC00448,Normal,0,30,1,0,0,0,1,0
ACC00449,Normal,0,30,1,0,0,0,1,0
ACC00450,Normal,0,55,1,0,1,0,2,0
ACC00451,Normal,0,55,1,0,1,0,2,0
ACC00452,Normal,0,55,1,0,1,0,2,0
ACC00453,Normal,0,55,1,0,1,0,2,0
ACC00454,Normal,0,0,0,0,0,0,0,0
ACC00455,Normal,0,25,0,0,1,0,1,0
ACC00456,Normal,0,55,1,0,1,0,2,0
ACC00457,Normal,0,55,1,0,1,0,2,0
ACC00458,Normal,0,55,1,0,1,0,2,0
ACC00459,Normal,0,55,1,0,1,0,2,0
ACC00460,Normal,0,30,1,0,0,0,1,0
ACC00461,Normal,0,55,1,0,1,0,2,0
ACC00462,Normal,0,55,1,0,1,0,2,0
ACC00463,Normal,0,30,1,0,0,0,1,0
ACC00464,Normal,0,30,1,0,0,0,1,0
ACC00465,Normal,0,30,1,0,0,0,1,0
ACC00466,Normal,0,30,1,0,0,0,1,0
ACC00467,Normal,0,55,1,0,1,0,2,0
ACC00468,Normal,0,30,1,0,0,0,1,0
ACC00469,Normal,0,55,1,0,1,0,2,0
ACC00470,Normal,0,55,1,0,1,0,2,0
ACC00471,Normal,0,55,1,0,1,0,2,0
ACC00472,Normal,0,55,1,0,1,0,2,0
ACC00473,Normal,0,30,1,0,0,0,1,0
ACC00474,Normal,0,55,1,0,1,0,2,0
ACC00475,Normal,0,30,1,0,0,0,1,0
ACC00476,Normal,0,30,1,0,0,0,1,0
ACC00477,Normal,0,55,1,0,1,0,2,0
ACC00478,Normal,0,30,1,0,0,0,1,0
ACC00479,Normal,0,55,1,0,1,0,2,0
ACC00480,Normal,0,55,1,0,1,0,2,0
ACC00481,Normal,0,30,1,0,0,0,1,0
ACC00482,Normal,0,30,1,0,0,0,1,0
ACC00483,Normal,0,55,1,0,1,0,2,0
ACC00484,Normal,0,30,1,0,0,0,1,0
ACC00485,Normal,0,55,1,0,1,0,2,0
ACC00486,Normal,0,55,1,0,1,0,2,0
ACC00487,Normal,0,30,1,0,0,0,1,0
ACC00488,Normal,0,0,0,0,0,0,0,0
ACC00489,Normal,0,0,0,0,0,0,0,0
ACC00490,Normal,0,30,1,0,0,0,1,0
ACC00491,Normal,0,30,1,0,0,0,1,0
ACC00492,Normal,0,30,1,0,0,0,1,0
ACC00493,Normal,0,55,1,0,1,0,2,0
ACC00494,Normal,0,30,1,0,0,0,1,0
ACC00495,Normal,0,0,0,0,0,0,0,0
ACC00496,Normal,0,25,0,0,1,0,1,0
ACC00497,Normal,0,30,1,0,0,0,1,0
ACC00498,Normal,0,30,1,0,0,0,1,0
ACC00499,Normal,0,25,0,0,1,0,1,0
ACC00500,Normal,0,55,1,0,1,0,2,0
ACC00501,Normal,0,30,1,0,0,0,1,0
ACC00502,Normal,0,55,1,0,1,0,2,0
ACC00503,Normal,0,30,1,0,0,0,1,0
ACC00504,Normal,0,55,1,0,1,0,2,0
ACC00505,Normal,0,55,1,0,1,0,2,0
ACC00506,Normal,0,0,0,0,0,0,0,0
ACC00507,Normal,0,55,1,0,1,0,2,0
ACC00508,Normal,0,30,1,0,0,0,1,0
ACC00509,Normal,0,30,1,0,0,0,1,0
ACC00510,Normal,0,30,1,0,0,0,1,0
ACC00511,Normal,0,55,1,0,1,0,2,0
ACC00512,Normal,0,55,1,0,1,0,2,0
ACC00513,Normal,0,30,1,0,0,0,1,0
ACC00514,Normal,0,25,0,0,1,0,1,0
ACC00515,Normal,0,30,1,0,0,0,1,0
ACC00516,Normal,0,55,1,0,1,0,2,0
ACC00517,Normal,0,55,1,0,1,0,2,0
ACC00518,Normal,0,55,1,0,1,0,2,0
ACC00519,Normal,0,30,1,0,0,0,1,0
ACC00520,Normal,0,0,0,0,0,0,0,0
ACC00521,Normal,0,55,1,0,1,0,2,0
ACC00522,Normal,0,55,1,0,1,0,2,0
ACC00523,Normal,0,0,0,0,0,0,0,0
ACC00524,Normal,0,30,1,0,0,0,1,0
ACC00525,Normal,0,30,1,0,0,0,1,0
ACC00526,Normal,0,30,1,0,0,0,1,0
ACC00527,Normal,0,0,0,0,0,0,0,0
ACC00528,Normal,0,30,1,0,0,0,1,0
ACC00529,Normal,0,25,0,0,1,0,1,0
ACC00530,Normal,0,30,1,0,0,0,1,0
ACC00531,Normal,0,30,1,0,0,0,1,0
ACC00532,Normal,0,55,1,0,1,0,2,0
ACC00533,Normal,0,55,1,0,1,0,2,0
ACC00534,Normal,0,25,0,0,1,0,1,0
ACC00535,Normal,0,25,0,0,1,0,1,0
ACC00536,Normal,0,55,1,0,1,0,2,0
ACC00537,Normal,0,30,1,0,0,0,1,0
ACC00538,Normal,0,30,1,0,0,0,1,0
ACC00539,Normal,0,30,1,0,0,0,1,0
ACC00540,Normal,0,0,0,0,0,0,0,0
ACC00541,Normal,0,55,1,0,1,0,2,0
ACC00542,Normal,0,30,1,0,0,0,1,0
ACC00543,Normal,0,25,0,0,1,0,1,0
ACC00544,Normal,0,55,1,0,1,0,2,0
ACC00545,Normal,0,25,0,0,1,0,1,0
ACC00546,Normal,0,55,1,0,1,0,2,0
ACC00547,Normal,0,30,1,0,0,0,1,0
ACC00548,Normal,0,55,1,0,1,0,2,0
ACC00549,Normal,0,55,1,0,1,0,2,0
ACC00550,Normal,0,30,1,0,0,0,1,0
ACC00551,Normal,0,30,1,0,0,0,1,0
ACC00552,Normal,0,25,0,0,1,0,1,0
ACC00553,Normal,0,30,1,0,0,0,1,0
ACC00554,Normal,0,30,1,0,0,0,1,0
ACC00555,Normal,0,30,1,0,0,0,1,0
ACC00556,Normal,0,55,1,0,1,0,2,0
ACC00557,Normal,0,55,1,0,1,0,2,0
ACC00558,Normal,0,55,1,0,1,0,2,0
ACC00559,Normal,0,25,0,0,1,0,1,0
ACC00560,Normal,0,55,1,0,1,0,2,0
ACC00561,Normal,0,0,0,0,0,0,0,0
ACC00562,Normal,0,30,1,0,0,0,1,0
ACC00563,Normal,0,30,1,0,0,0,1,0
ACC00564,Normal,0,55,1,0,1,0,2,0
ACC00565,Normal,0,30,1,0,0,0,1,0
ACC00566,Normal,0,30,1,0,0,0,1,0
ACC00567,Normal,0,30,1,0,0,0,1,0
ACC00568,Normal,0,30,1,0,0,0,1,0
ACC00569,Normal,0,30,1,0,0,0,1,0
ACC00570,Normal,0,30,1,0,0,0,1,0
ACC00571,Normal,0,30,1,0,0,0,1,0
ACC00572,Normal,0,30,1,0,0,0,1,0
ACC00573,Normal,0,55,1,0,1,0,2,0
ACC00574,Normal,0,30,1,0,0,0,1,0
ACC00575,Normal,0,55,1,0,1,0,2,0
ACC00576,Normal,0,30,1,0,0,0,1,0
ACC00577,Normal,0,30,1,0,0,0,1,0
ACC00578,Normal,0,25,0,0,1,0,1,0
ACC00579,Normal,0,25,0,0,1,0,1,0
ACC00580,Normal,0,55,1,0,1,0,2,0
ACC00581,Normal,0,25,0,0,1,0,1,0
ACC00582,Normal,0,30,1,0,0,0,1,0
ACC00583,Normal,0,30,1,0,0,0,1,0
ACC00584,Normal,0,55,1,0,1,0,2,0
ACC00585,Normal,0,30,1,0,0,0,1,0
ACC00586,Normal,0,55,1,0,1,0,2,0
ACC00587,Normal,0,55,1,0,1,0,2,0
ACC00588,Normal,0,55,1,0,1,0,2,0
ACC00589,Normal,0,30,1,0,0,0,1,0
ACC00590,Normal,0,30,1,0,0,0,1,0
ACC00591,Normal,0,30,1,0,0,0,1,0
ACC00592,Normal,0,55,1,0,1,0,2,0
ACC00593,Normal,0,30,1,0,0,0,1,0
ACC00594,Normal,0,25,0,0,1,0,1,0
ACC00595,Normal,0,30,1,0,0,0,1,0
ACC00596,Normal,0,30,1,0,0,0,1,0
ACC00597,Normal,0,30,1,0,0,0,1,0
ACC00598,Normal,0,25,0,0,1,0,1,0
ACC00599,Normal,0,30,1,0,0,0,1,0
ACC00600,Normal,0,55,1,0,1,0,2,0
ACC00601,Normal,0,30,1,0,0,0,1,0
ACC00602,Normal,0,30,1,0,0,0,1,0
ACC00603,Normal,0,30,1,0,0,0,1,0
ACC00604,Normal,0,55,1,0,1,0,2,0
ACC00605,Normal,0,30,1,0,0,0,1,0
ACC00606,Normal,0,30,1,0,0,0,1,0
ACC00607,Normal,0,30,1,0,0,0,1,0
ACC00608,Normal,0,55,1,0,1,0,2,0
ACC00609,Normal,0,55,1,0,1,0,2,0
ACC00610,Normal,0,30,1,0,0,0,1,0
ACC00611,Normal,0,55,1,0,1,0,2,0
ACC00612,Normal,0,55,1,0,1,0,2,0
ACC00613,Normal,0,25,0,0,1,0,1,0
ACC00614,Normal,0,55,1,0,1,0,2,0
ACC00615,Normal,0,30,1,0,0,0,1,0
ACC00616,Normal,0,55,1,0,1,0,2,0
ACC00617,Normal,0,25,0,0,1,0,1,0
ACC00618,Normal,0,25,0,0,1,0,1,0
ACC00619,Normal,0,30,1,0,0,0,1,0
ACC00620,Normal,0,30,1,0,0,0,1,0
ACC00621,Normal,0,55,1,0,1,0,2,0
ACC00622,Normal,0,55,1,0,1,0,2,0
ACC00623,Normal,0,55,1,0,1,0,2,0
ACC00624,Normal,0,0,0,0,0,0,0,0
ACC00625,Normal,0,55,1,0,1,0,2,0
ACC00626,Normal,0,55,1,0,1,0,2,0
ACC00627,Normal,0,55,1,0,1,0,2,0
ACC00628,Normal,0,55,1,0,1,0,2,0
ACC00629,Normal,0,25,0,0,1,0,1,0
ACC00630,Normal,0,30,1,0,0,0,1,0
ACC00631,Normal,0,30,1,0,0,0,1,0
ACC00632,Normal,0,55,1,0,1,0,2,0
ACC00633,Normal,0,25,0,0,1,0,1,0
ACC00634,Normal,0,25,0,0,1,0,1,0
ACC00635,Normal,0,30,1,0,0,0,1,0
ACC00636,Normal,0,55,1,0,1,0,2,0
ACC00637,Normal,0,30,1,0,0,0,1,0
ACC00638,Normal,0,30,1,0,0,0,1,0
ACC00639,Normal,0,25,0,0,1,0,1,0
ACC00640,Normal,0,30,1,0,0,0,1,0
ACC00641,Normal,0,30,1,0,0,0,1,0
ACC00642,Normal,0,30,1,0,0,0,1,0
ACC00643,Normal,0,55,1,0,1,0,2,0
ACC00644,Normal,0,55,1,0,1,0,2,0
ACC00645,Normal,0,55,1,0,1,0,2,0
ACC00646,Normal,0,30,1,0,0,0,1,0
ACC00647,Normal,0,30,1,0,0,0,1,0
ACC00648,Normal,0,25,0,0,1,0,1,0
ACC00649,Normal,0,30,1,0,0,0,1,0
ACC00650,Normal,0,30,1,0,0,0,1,0
ACC00651,Normal,0,30,1,0,0,0,1,0
ACC00652,Normal,0,30,1,0,0,0,1,0
ACC00653,Normal,0,30,1,0,0,0,1,0
ACC00654,Normal,0,30,1,0,0,0,1,0
ACC00655,Normal,0,25,0,0,1,0,1,0
ACC00656,Normal,0,30,1,0,0,0,1,0
ACC00657,Normal,0,30,1,0,0,0,1,0
ACC00658,Normal,0,55,1,0,1,0,2,0
ACC00659,Normal,0,55,1,0,1,0,2,0
ACC00660,Normal,0,25,0,0,1,0,1,0
ACC00661,Normal,0,25,0,0,1,0,1,0
ACC00662,Normal,0,30,1,0,0,0,1,0
ACC00663,Normal,0,30,1,0,0,0,1,0
ACC00664,Normal,0,30,1,0,0,0,1,0
ACC00665,Normal,0,25,0,0,1,0,1,0
ACC00666,Normal,0,30,1,0,0,0,1,0
ACC00667,Normal,0,0,0,0,0,0,0,0
ACC00668,Normal,0,55,1,0,1,0,2,0
ACC00669,Normal,0,30,1,0,0,0,1,0
ACC00670,Normal,0,55,1,0,1,0,2,0
ACC00671,Normal,0,25,0,0,1,0,1,0
ACC00672,Normal,0,55,1,0,1,0,2,0
ACC00673,Normal,0,55,1,0,1,0,2,0
ACC00674,Normal,0,30,1,0,0,0,1,0
ACC00675,Normal,0,55,1,0,1,0,2,0
ACC00676,Normal,0,55,1,0,1,0,2,0
ACC00677,Normal,0,55,1,0,1,0,2,0
ACC00678,Normal,0,55,1,0,1,0,2,0
ACC00679,Normal,0,30,1,0,0,0,1,0
ACC00680,Normal,0,55,1,0,1,0,2,0
ACC00681,Normal,0,25,0,0,1,0,1,0
ACC00682,Normal,0,55,1,0,1,0,2,0
ACC00683,Normal,0,30,1,0,0,0,1,0
ACC00684,Normal,0,25,0,0,1,0,1,0
ACC00685,Normal,0,55,1,0,1,0,2,0
ACC00686,Normal,0,25,0,0,1,0,1,0
ACC00687,Normal,0,55,1,0,1,0,2,0
ACC00688,Normal,0,55,1,0,1,0,2,0
ACC00689,Normal,0,25,0,0,1,0,1,0
ACC00690,Normal,0,55,1,0,1,0,2,0
ACC00691,Normal,0,55,1,0,1,0,2,0
ACC00692,Normal,0,25,0,0,1,0,1,0
ACC00693,Normal,0,55,1,0,1,0,2,0
ACC00694,Normal,0,55,1,0,1,0,2,0
ACC00695,Normal,0,30,1,0,0,0,1,0
ACC00696,Normal,0,55,1,0,1,0,2,0
ACC00697,Normal,0,55,1,0,1,0,2,0
ACC00698,Normal,0,30,1,0,0,0,1,0
ACC00699,Normal,0,55,1,0,1,0,2,0
ACC00700,Normal,0,30,1,0,0,0,1,0
ACC00701,Normal,0,30,1,0,0,0,1,0
ACC00702,Normal,0,55,1,0,1,0,2,0
ACC00703,Normal,0,55,1,0,1,0,2,0
ACC00704,Normal,0,55,1,0,1,0,2,0
ACC00705,Normal,0,30,1,0,0,0,1,0
ACC00706,Normal,0,55,1,0,1,0,2,0
ACC00707,Normal,0,30,1,0,0,0,1,0
ACC00708,Normal,0,30,1,0,0,0,1,0
ACC00709,Normal,0,30,1,0,0,0,1,0
ACC00710,Normal,0,30,1,0,0,0,1,0
ACC00711,Normal,0,55,1,0,1,0,2,0
ACC00712,Normal,0,30,1,0,0,0,1,0
ACC00713,Normal,0,30,1,0,0,0,1,0
ACC00714,Normal,0,30,1,0,0,0,1,0
ACC00715,Normal,0,30,1,0,0,0,1,0
ACC00716,Normal,0,30,1,0,0,0,1,0
ACC00717,Normal,0,55,1,0,1,0,2,0
ACC00718,Normal,0,30,1,0,0,0,1,0
ACC00719,Normal,0,55,1,0,1,0,2,0
ACC00720,Normal,0,55,1,0,1,0,2,0
ACC00721,Normal,0,30,1,0,0,0,1,0
ACC00722,Normal,0,25,0,0,1,0,1,0
ACC00723,Normal,0,25,0,0,1,0,1,0
ACC00724,Normal,0,30,1,0,0,0,1,0
ACC00725,Normal,0,55,1,0,1,0,2,0
ACC00726,Normal,0,25,0,0,1,0,1,0
ACC00727,Normal,0,30,1,0,0,0,1,0
ACC00728,Normal,0,55,1,0,1,0,2,0
ACC00729,Normal,0,55,1,0,1,0,2,0
ACC00730,Normal,0,30,1,0,0,0,1,0
ACC00731,Normal,0,30,1,0,0,0,1,0
ACC00732,Normal,0,55,1,0,1,0,2,0
ACC00733,Normal,0,30,1,0,0,0,1,0
ACC00734,Normal,0,30,1,0,0,0,1,0
ACC00735,Normal,0,55,1,0,1,0,2,0
ACC00736,Normal,0,55,1,0,1,0,2,0
ACC00737,Normal,0,25,0,0,1,0,1,0
ACC00738,Normal,0,30,1,0,0,0,1,0
ACC00739,Normal,0,55,1,0,1,0,2,0
ACC00740,Normal,0,55,1,0,1,0,2,0
ACC00741,Normal,0,0,0,0,0,0,0,0
ACC00742,Normal,0,30,1,0,0,0,1,0
ACC00743,Normal,0,25,0,0,1,0,1,0
ACC00744,Normal,0,55,1,0,1,0,2,0
ACC00745,Normal,0,30,1,0,0,0,1,0
ACC00746,Normal,0,55,1,0,1,0,2,0
ACC00747,Normal,0,55,1,0,1,0,2,0
ACC00748,Normal,0,30,1,0,0,0,1,0
ACC00749,Normal,0,55,1,0,1,0,2,0
ACC00750,Normal,0,55,1,0,1,0,2,0
ACC00751,Normal,0,30,1,0,0,0,1,0
ACC00752,Normal,0,30,1,0,0,0,1,0
ACC00753,Normal,0,55,1,0,1,0,2,0
ACC00754,Normal,0,55,1,0,1,0,2,0
ACC00755,Normal,0,30,1,0,0,0,1,0
ACC00756,Normal,0,30,1,0,0,0,1,0
ACC00757,Normal,0,30,1,0,0,0,1,0
ACC00758,Normal,0,30,1,0,0,0,1,0
ACC00759,Normal,0,30,1,0,0,0,1,0
ACC00760,Normal,0,30,1,0,0,0,1,0
ACC00761,Normal,0,30,1,0,0,0,1,0
ACC00762,Normal,0,25,0,0,1,0,1,0
ACC00763,Normal,0,55,1,0,1,0,2,0
ACC00764,Normal,0,55,1,0,1,0,2,0
ACC00765,Normal,0,55,1,0,1,0,2,0
ACC00766,Normal,0,30,1,0,0,0,1,0
ACC00767,Normal,0,25,0,0,1,0,1,0
ACC00768,Normal,0,25,0,0,1,0,1,0
ACC00769,Normal,0,30,1,0,0,0,1,0
ACC00770,Normal,0,55,1,0,1,0,2,0
ACC00771,Normal,0,30,1,0,0,0,1,0
ACC00772,Normal,0,55,1,0,1,0,2,0
ACC00773,Normal,0,0,0,0,0,0,0,0
ACC00774,Normal,0,30,1,0,0,0,1,0
ACC00775,Normal,0,55,1,0,1,0,2,0
ACC00776,Normal,0,55,1,0,1,0,2,0
ACC00777,Normal,0,55,1,0,1,0,2,0
ACC00778,Normal,0,55,1,0,1,0,2,0
ACC00779,Normal,0,25,0,0,1,0,1,0
ACC00780,Normal,0,25,0,0,1,0,1,0
ACC00781,Normal,0,30,1,0,0,0,1,0
ACC00782,Normal,0,55,1,0,1,0,2,0
ACC00783,Normal,0,55,1,0,1,0,2,0
ACC00784,Normal,0,30,1,0,0,0,1,0
ACC00785,Normal,0,30,1,0,0,0,1,0
ACC00786,Normal,0,30,1,0,0,0,1,0
ACC00787,Normal,0,55,1,0,1,0,2,0
ACC00788,Normal,0,30,1,0,0,0,1,0
ACC00789,Normal,0,30,1,0,0,0,1,0
ACC00790,Normal,0,30,1,0,0,0,1,0
ACC00791,Normal,0,55,1,0,1,0,2,0
ACC00792,Normal,0,55,1,0,1,0,2,0
ACC00793,Normal,0,25,0,0,1,0,1,0
ACC00794,Normal,0,55,1,0,1,0,2,0
ACC00795,Normal,0,55,1,0,1,0,2,0
ACC00796,Normal,0,55,1,0,1,0,2,0
ACC00797,Normal,0,30,1,0,0,0,1,0
ACC00798,Normal,0,25,0,0,1,0,1,0
ACC00799,Normal,0,55,1,0,1,0,2,0
ACC00800,Normal,0,25,0,0,1,0,1,0
ACC00801,Normal,0,55,1,0,1,0,2,0
ACC00802,Normal,0,55,1,0,1,0,2,0
ACC00803,Normal,0,55,1,0,1,0,2,0
ACC00804,Normal,0,25,0,0,1,0,1,0
ACC00805,Normal,0,30,1,0,0,0,1,0
ACC00806,Normal,0,30,1,0,0,0,1,0
ACC00807,Normal,0,30,1,0,0,0,1,0
ACC00808,Normal,0,25,0,0,1,0,1,0
ACC00809,Normal,0,30,1,0,0,0,1,0
ACC00810,Normal,0,55,1,0,1,0,2,0
ACC00811,Normal,0,25,0,0,1,0,1,0
ACC00812,Normal,0,55,1,0,1,0,2,0
ACC00813,Normal,0,30,1,0,0,0,1,0
ACC00814,Normal,0,30,1,0,0,0,1,0
ACC00815,Normal,0,30,1,0,0,0,1,0
ACC00816,Normal,0,30,1,0,0,0,1,0
ACC00817,Normal,0,30,1,0,0,0,1,0
ACC00818,Normal,0,55,1,0,1,0,2,0
ACC00819,Normal,0,30,1,0,0,0,1,0
ACC00820,Normal,0,55,1,0,1,0,2,0
ACC00821,Normal,0,25,0,0,1,0,1,0
ACC00822,Normal,0,30,1,0,0,0,1,0
ACC00823,Normal,0,55,1,0,1,0,2,0
ACC00824,Normal,0,30,1,0,0,0,1,0
ACC00825,Normal,0,30,1,0,0,0,1,0
ACC00826,Normal,0,30,1,0,0,0,1,0
ACC00827,Normal,0,55,1,0,1,0,2,0
ACC00828,Normal,0,55,1,0,1,0,2,0
ACC00829,Normal,0,30,1,0,0,0,1,0
ACC00830,Normal,0,30,1,0,0,0,1,0
ACC00831,Normal,0,25,0,0,1,0,1,0
ACC00832,Normal,0,55,1,0,1,0,2,0
ACC00833,Normal,0,30,1,0,0,0,1,0
ACC00834,Normal,0,55,1,0,1,0,2,0
ACC00835,Normal,0,55,1,0,1,0,2,0
ACC00836,Normal,0,55,1,0,1,0,2,0
ACC00837,Normal,0,55,1,0,1,0,2,0
ACC00838,Normal,0,30,1,0,0,0,1,0
ACC00839,Normal,0,55,1,0,1,0,2,0
ACC00840,Normal,0,25,0,0,1,0,1,0
ACC00841,Normal,0,30,1,0,0,0,1,0
ACC00842,Normal,0,30,1,0,0,0,1,0
ACC00843,Normal,0,30,1,0,0,0,1,0
ACC00844,Normal,0,55,1,0,1,0,2,0
ACC00845,Normal,0,30,1,0,0,0,1,0
ACC00846,Normal,0,30,1,0,0,0,1,0
ACC00847,Normal,0,25,0,0,1,0,1,0
ACC00848,Normal,0,30,1,0,0,0,1,0
ACC00849,Normal,0,55,1,0,1,0,2,0
ACC00850,Normal,0,30,1,0,0,0,1,0
ACC00851,Normal,0,55,1,0,1,0,2,0
ACC00852,Normal,0,30,1,0,0,0,1,0
ACC00853,Normal,0,55,1,0,1,0,2,0
ACC00854,Normal,0,30,1,0,0,0,1,0
ACC00855,Normal,0,30,1,0,0,0,1,0
ACC00856,Normal,0,55,1,0,1,0,2,0
ACC00857,Normal,0,25,0,0,1,0,1,0
ACC00858,Normal,0,30,1,0,0,0,1,0
ACC00859,Normal,0,55,1,0,1,0,2,0
ACC00860,Normal,0,30,1,0,0,0,1,0
ACC00861,Normal,0,25,0,0,1,0,1,0
ACC00862,Normal,0,55,1,0,1,0,2,0
ACC00863,Normal,0,55,1,0,1,0,2,0
ACC00864,Normal,0,55,1,0,1,0,2,0
ACC00865,Normal,0,30,1,0,0,0,1,0
ACC00866,Normal,0,30,1,0,0,0,1,0
ACC00867,Normal,0,55,1,0,1,0,2,0
ACC00868,Normal,0,30,1,0,0,0,1,0
ACC00869,Normal,0,55,1,0,1,0,2,0
ACC00870,Normal,0,55,1,0,1,0,2,0
ACC00871,Normal,0,55,1,0,1,0,2,0
ACC00872,Normal,0,25,0,0,1,0,1,0
ACC00873,Normal,0,55,1,0,1,0,2,0
ACC00874,Normal,0,30,1,0,0,0,1,0
ACC00875,Normal,0,55,1,0,1,0,2,0
ACC00876,Normal,0,55,1,0,1,0,2,0
ACC00877,Normal,0,30,1,0,0,0,1,0
ACC00878,Normal,0,30,1,0,0,0,1,0
ACC00879,Normal,0,30,1,0,0,0,1,0
ACC00880,Normal,0,25,0,0,1,0,1,0
ACC00881,Normal,0,30,1,0,0,0,1,0
ACC00882,Normal,0,30,1,0,0,0,1,0
ACC00883,Normal,0,30,1,0,0,0,1,0
ACC00884,Normal,0,30,1,0,0,0,1,0
ACC00885,Normal,0,30,1,0,0,0,1,0
ACC00886,Normal,0,55,1,0,1,0,2,0
ACC00887,Normal,0,55,1,0,1,0,2,0
ACC00888,Normal,0,55,1,0,1,0,2,0
ACC00889,Normal,0,30,1,0,0,0,1,0
ACC00890,Normal,0,25,0,0,1,0,1,0
ACC00891,Normal,0,55,1,0,1,0,2,0
ACC00892,Normal,0,30,1,0,0,0,1,0
ACC00893,Normal,0,55,1,0,1,0,2,0
ACC00894,Normal,0,30,1,0,0,0,1,0
ACC00895,Normal,0,30,1,0,0,0,1,0
ACC00896,Normal,0,55,1,0,1,0,2,0
ACC00897,Normal,0,55,1,0,1,0,2,0
ACC00898,Normal,0,55,1,0,1,0,2,0
ACC00899,Normal,0,55,1,0,1,0,2,0
ACC00900,Normal,0,55,1,0,1,0,2,0
ACC00901,Normal,0,55,1,0,1,0,2,0
ACC00902,Normal,0,55,1,0,1,0,2,0
ACC00903,Normal,0,25,0,0,1,0,1,0
ACC00904,Normal,0,55,1,0,1,0,2,0
ACC00905,Normal,0,25,0,0,1,0,1,0
ACC00906,Normal,0,55,1,0,1,0,2,0
ACC00907,Normal,0,55,1,0,1,0,2,0
ACC00908,Normal,0,55,1,0,1,0,2,0
ACC00909,Normal,0,30,1,0,0,0,1,0
ACC00910,Normal,0,55,1,0,1,0,2,0
ACC00911,Normal,0,0,0,0,0,0,0,0
ACC00912,Normal,0,30,1,0,0,0,1,0
ACC00913,Normal,0,30,1,0,0,0,1,0
ACC00914,Normal,0,30,1,0,0,0,1,0
ACC00915,Normal,0,55,1,0,1,0,2,0
ACC00916,Normal,0,30,1,0,0,0,1,0
ACC00917,Normal,0,55,1,0,1,0,2,0
ACC00918,Normal,0,55,1,0,1,0,2,0
ACC00919,Normal,0,55,1,0,1,0,2,0
ACC00920,Normal,0,30,1,0,0,0,1,0
ACC00921,Normal,0,25,0,0,1,0,1,0
ACC00922,Normal,0,30,1,0,0,0,1,0
ACC00923,Normal,0,55,1,0,1,0,2,0
ACC00924,Normal,0,30,1,0,0,0,1,0
ACC00925,Normal,0,25,0,0,1,0,1,0
ACC00926,Normal,0,25,0,0,1,0,1,0
ACC00927,Normal,0,55,1,0,1,0,2,0
ACC00928,Normal,0,55,1,0,1,0,2,0
ACC00929,Normal,0,55,1,0,1,0,2,0
ACC00930,Normal,0,55,1,0,1,0,2,0
ACC00931,Normal,0,55,1,0,1,0,2,0
ACC00932,Normal,0,30,1,0,0,0,1,0
ACC00933,Normal,0,30,1,0,0,0,1,0
ACC00934,Normal,0,55,1,0,1,0,2,0
ACC00935,Normal,0,25,0,0,1,0,1,0
ACC00936,Normal,0,30,1,0,0,0,1,0
ACC00937,Normal,0,0,0,0,0,0,0,0
ACC00938,Normal,0,25,0,0,1,0,1,0
ACC00939,Normal,0,30,1,0,0,0,1,0
ACC00940,Normal,0,55,1,0,1,0,2,0
ACC00941,Normal,0,55,1,0,1,0,2,0
ACC00942,Normal,0,30,1,0,0,0,1,0
ACC00943,Normal,0,25,0,0,1,0,1,0
ACC00944,Normal,0,30,1,0,0,0,1,0
ACC00945,Normal,0,30,1,0,0,0,1,0
ACC00946,Normal,0,30,1,0,0,0,1,0
ACC00947,Normal,0,55,1,0,1,0,2,0
ACC00948,Normal,0,30,1,0,0,0,1,0
ACC00949,Normal,0,55,1,0,1,0,2,0
ACC00950,Normal,0,55,1,0,1,0,2,0
MULE_L1_001,Layer1,1,75,1,1,0,1,3,1
MULE_L1_002,Layer1,1,75,1,1,0,1,3,1
MULE_L1_003,Layer1,1,75,1,1,0,1,3,1
MULE_L1_004,Layer1,1,75,1,1,0,1,3,1
MULE_L1_005,Layer1,1,75,1,1,0,1,3,1
MULE_L1_006,Layer1,1,75,1,1,0,1,3,1
MULE_L1_007,Layer1,1,75,1,1,0,1,3,1
MULE_L1_008,Layer1,1,75,1,1,0,1,3,1
MULE_L1_009,Layer1,1,75,1,1,0,1,3,1
MULE_L1_010,Layer1,1,75,1,1,0,1,3,1
MULE_L1_011,Layer1,1,75,1,1,0,1,3,1
MULE_L1_012,Layer1,1,75,1,1,0,1,3,1
MULE_L1_013,Layer1,1,75,1,1,0,1,3,1
MULE_L1_014,Layer1,1,75,1,1,0,1,3,1
MULE_L1_015,Layer1,1,75,1,1,0,1,3,1
MULE_L1_016,Layer1,1,75,1,1,0,1,3,1
MULE_L1_017,Layer1,1,75,1,1,0,1,3,1
MULE_L1_018,Layer1,1,75,1,1,0,1,3,1
MULE_L1_019,Layer1,1,75,1,1,0,1,3,1
MULE_L1_020,Layer1,1,75,1,1,0,1,3,1
MULE_L2_001,Layer2,1,65,1,1,0,0,2,0
MULE_L2_002,Layer2,1,75,1,1,0,1,3,1
MULE_L2_003,Layer2,1,35,0,1,0,0,1,0
MULE_L2_004,Layer2,1,75,1,1,0,1,3,1
MULE_L2_005,Layer2,1,65,1,1,0,0,2,0
MULE_L2_006,Layer2,1,75,1,1,0,1,3,1
MULE_L2_007,Layer2,1,65,1,1,0,0,2,0
MULE_L2_008,Layer2,1,45,0,1,0,1,2,0
MULE_L2_009,Layer2,1,75,1,1,0,1,3,1
MULE_L2_010,Layer2,1,65,1,1,0,0,2,0
MULE_L2_011,Layer2,1,75,1,1,0,1,3,1
MULE_L2_012,Layer2,1,40,1,0,0,1,2,0
MULE_L2_013,Layer2,1,40,1,0,0,1,2,0
MULE_L2_014,Layer2,1,10,0,0,0,1,1,0
MULE_L2_015,Layer2,1,65,1,1,0,0,2,0
MULE_L2_016,Layer2,1,45,0,1,0,1,2,0
MULE_L2_017,Layer2,1,35,0,1,0,0,1,0
MULE_L2_018,Layer2,1,65,1,1,0,0,2,0
MULE_L2_019,Layer2,1,65,1,1,0,0,2,0
MULE_L2_020,Layer2,1,65,1,1,0,0,2,0
MULE_L3_001,Layer3+,1,0,0,0,0,0,0,0
MULE_L3_002,Layer3+,1,30,1,0,0,0,1,0
MULE_L3_003,Layer3+,1,30,1,0,0,0,1,0
MULE_L3_004,Layer3+,1,30,1,0,0,0,1,0
MULE_L3_005,Layer3+,1,30,1,0,0,0,1,0
MULE_L3_006,Layer3+,1,30,1,0,0,0,1,0
MULE_L3_007,Layer3+,1,30,1,0,0,0,1,0
MULE_L3_008,Layer3+,1,30,1,0,0,0,1,0
MULE_L3_009,Layer3+,1,65,1,1,0,0,2,0
MULE_L3_010,Layer3+,1,30,1,0,0,0,1,0
VIC0001,Victim,1,0,0,0,0,0,0,0
VIC0002,Victim,1,0,0,0,0,0,0,0
VIC0003,Victim,1,0,0,0,0,0,0,0
VIC0004,Victim,1,0,0,0,0,0,0,0
VIC0007,Victim,1,0,0,0,0,0,0,0
VIC0012,Victim,1,0,0,0,0,0,0,0
VIC0013,Victim,1,0,0,0,0,0,0,0
VIC0014,Victim,1,0,0,0,0,0,0,0
VIC0015,Victim,1,0,0,0,0,0,0,0
VIC0016,Victim,1,0,0,0,0,0,0,0
VIC0021,Victim,1,0,0,0,0,0,0,0
VIC0024,Victim,1,0,0,0,0,0,0,0
VIC0025,Victim,1,0,0,0,0,0,0,0
VIC0026,Victim,1,0,0,0,0,0,0,0
VIC0027,Victim,1,0,0,0,0,0,0,0
VIC0030,Victim,1,0,0,0,0,0,0,0
VIC0031,Victim,1,0,0,0,0,0,0,0
VIC0032,Victim,1,0,0,0,0,0,0,0
VIC0034,Victim,1,0,0,0,0,0,0,0
VIC0036,Victim,1,0,0,0,0,0,0,0
VIC0039,Victim,1,0,0,0,0,0,0,0
VIC0040,Victim,1,0,0,0,0,0,0,0
VIC0041,Victim,1,0,0,0,0,0,0,0
VIC0042,Victim,1,0,0,0,0,0,0,0
VIC0044,Victim,1,0,0,0,0,0,0,0
VIC0045,Victim,1,0,0,0,0,0,0,0
VIC0049,Victim,1,0,0,0,0,0,0,0
VIC0054,Victim,1,0,0,0,0,0,0,0
VIC0055,Victim,1,0,0,0,0,0,0,0
VIC0058,Victim,1,0,0,0,0,0,0,0
VIC0059,Victim,1,0,0,0,0,0,0,0
VIC0062,Victim,1,0,0,0,0,0,0,0
VIC0065,Victim,1,0,0,0,0,0,0,0
VIC0068,Victim,1,0,0,0,0,0,0,0
VIC0069,Victim,1,0,0,0,0,0,0,0
VIC0072,Victim,1,0,0,0,0,0,0,0
VIC0074,Victim,1,0,0,0,0,0,0,0
VIC0076,Victim,1,0,0,0,0,0,0,0
VIC0077,Victim,1,0,0,0,0,0,0,0
VIC0079,Victim,1,0,0,0,0,0,0,0
VIC0083,Victim,1,0,0,0,0,0,0,0
VIC0085,Victim,1,0,0,0,0,0,0,0
VIC0086,Victim,1,0,0,0,0,0,0,0
VIC0087,Victim,1,0,0,0,0,0,0,0
VIC0090,Victim,1,0,0,0,0,0,0,0
VIC0093,Victim,1,0,0,0,0,0,0,0
VIC0096,Victim,1,0,0,0,0,0,0,0
VIC0098,Victim,1,0,0,0,0,0,0,0
VIC0100,Victim,1,0,0,0,0,0,0,0
VIC0101,Victim,1,0,0,0,0,0,0,0
VIC0102,Victim,1,0,0,0,0,0,0,0
VIC0103,Victim,1,0,0,0,0,0,0,0
VIC0106,Victim,1,0,0,0,0,0,0,0
VIC0108,Victim,1,0,0,0,0,0,0,0
VIC0109,Victim,1,0,0,0,0,0,0,0
VIC0110,Victim,1,0,0,0,0,0,0,0
VIC0111,Victim,1,0,0,0,0,0,0,0
VIC0112,Victim,1,0,0,0,0,0,0,0
VIC0113,Victim,1,0,0,0,0,0,0,0
VIC0114,Victim,1,0,0,0,0,0,0,0
VIC0118,Victim,1,0,0,0,0,0,0,0
VIC0121,Victim,1,0,0,0,0,0,0,0
VIC0124,Victim,1,0,0,0,0,0,0,0
VIC0125,Victim,1,0,0,0,0,0,0,0
VIC0127,Victim,1,0,0,0,0,0,0,0
VIC0128,Victim,1,0,0,0,0,0,0,0
VIC0129,Victim,1,0,0,0,0,0,0,0
VIC0130,Victim,1,0,0,0,0,0,0,0
VIC0133,Victim,1,0,0,0,0,0,0,0
VIC0135,Victim,1,0,0,0,0,0,0,0
VIC0136,Victim,1,0,0,0,0,0,0,0
VIC0138,Victim,1,0,0,0,0,0,0,0
VIC0143,Victim,1,0,0,0,0,0,0,0
VIC0148,Victim,1,0,0,0,0,0,0,0
VIC0149,Victim,1,0,0,0,0,0,0,0
VIC0155,Victim,1,0,0,0,0,0,0,0
VIC0157,Victim,1,0,0,0,0,0,0,0
VIC0159,Victim,1,0,0,0,0,0,0,0
VIC0160,Victim,1,0,0,0,0,0,0,0
VIC0162,Victim,1,0,0,0,0,0,0,0
VIC0163,Victim,1,0,0,0,0,0,0,0
VIC0164,Victim,1,0,0,0,0,0,0,0
VIC0165,Victim,1,0,0,0,0,0,0,0
VIC0166,Victim,1,0,0,0,0,0,0,0
VIC0167,Victim,1,0,0,0,0,0,0,0
VIC0169,Victim,1,0,0,0,0,0,0,0
VIC0170,Victim,1,0,0,0,0,0,0,0
VIC0172,Victim,1,0,0,0,0,0,0,0
VIC0177,Victim,1,0,0,0,0,0,0,0
VIC0178,Victim,1,0,0,0,0,0,0,0
VIC0180,Victim,1,0,0,0,0,0,0,0
VIC0181,Victim,1,0,0,0,0,0,0,0
VIC0183,Victim,1,0,0,0,0,0,0,0
VIC0184,Victim,1,0,0,0,0,0,0,0
VIC0186,Victim,1,0,0,0,0,0,0,0
VIC0187,Victim,1,0,0,0,0,0,0,0
VIC0190,Victim,1,0,0,0,0,0,0,0
VIC0192,Victim,1,0,0,0,0,0,0,0
VIC0194,Victim,1,0,0,0,0,0,0,0
VIC0195,Victim,1,0,0,0,0,0,0,0
VIC0196,Victim,1,0,0,0,0,0,0,0
VIC0197,Victim,1,0,0,0,0,0,0,0
VIC0199,Victim,1,0,0,0,0,0,0,0
